Sequence,Confidence,ExactMatchToTraining
MSTITSYFGFLLAALTITSALFIGLSKIRLI,0.6927450764258625,False
TADGDEGGKHQLITATVNGGKLYICK,0.653749401064611,False
NPDEIPWGEAGAEYVVESTGVFTDKDK,0.6046721988956373,False
AAVAAESSTGTWTTVWTDGLTSLDRYK,0.6020311619855494,False
MTTISSYFGFLLAALTITSVLFIGLSKIRLI,0.5827396644673646,False
GILGYTEDDVVSTDFVGDNR,0.5809939489995439,False
EGNEIIREACKWSPELAAACEVWK,0.5668378684369613,False
MLFVYSLGFYNLTTLLSTHFRLRIVCR,0.5473184744192827,False
LTSVHEAMLEDVAFPAEIVGKR,0.5396560923727453,False
IIGFDNTRQVQCISFIAYKPPSFTGADK,0.5326967831676577,False
GIDDIMVSLAAKDGIDWFDYK,0.5323830111525818,False
GLVPLPGSNNESWCQGLDGLASR,0.5250487998093913,False
GIFFTQDWVSMPGVIPVA,0.5156635154485929,False
TPAAVPSGASTGIYEALELRDGGSDYLGKGVS,0.5149250429447457,False
KASTDFVGLNYYTSVFSNHLEK,0.5137531076103317,False
SKALEEQYGGEEELPQINPGFNNPPFKFTK,0.5072554534871051,False
TGIIKPGMVVTFAPTGLTTEVK,0.4898262033866481,False
AQGLPIDKPNIVTGANVQ,0.4855508209951016,False
KLVGTLGIIFFSIFFREPPKVPTKGKK,0.47972417446039817,False
GLNVWDSFTHRFPEK,0.4700985703970881,False
SVGTLGEADLKGKKVF,0.4567360520096478,False
ANDVGYPGGLWFDPLGWGSGSPAK,0.45299588556021203,False
ATGQEYAEFLHEFMCAVKR,0.44618124710519447,False
ILVEETEKPIEETEEAQVETPEVVEIKKK,0.4396374479252889,False
IVHLVSTSCSLLHTAVDLVNETKLDDEIK,0.4393061656781618,False
ILPDAVGHHIQGVTVHDGEWDSHGSIK,0.43790522466467957,False
DPLESIDSGLLVIEKFYGKK,0.41878578205606254,False
TVTNDEIAADLKEHVIKPVIPEKYLDKAVE,0.4116457011388815,False
LENDIDLLNPPAELEKR,0.4008024218034306,False
TLFIDSPGHVDFSSEVTAALR,0.40067252559436933,False
KPTAGPLRPIVQCQTLK,0.3931696244048134,False
MLNHNNNNNNNNNNNNNNNNNNHNN,0.39167705390550733,False
TLIEPTSGNMGISLAFMAAMKDQVEALLK,0.390804232648939,False
ITDQIAAKERGEKCPTKVTNQVFRYAKKAGAS,0.3898454089001881,False
GIDPDLDAQVEFGAFQK,0.3884160435814971,False
EGEKYETNPALYGELAK,0.3871495595154333,False
MKYFGKKIIIIIIIIIIIIIIIIIIIIIII,0.37335140442268994,False
SGGGGGASAAEPVAESK,0.3726976511257882,False
TIAECLADELINAAKGSSTNISEK,0.36680646677965195,False
AVGNAARDNKKTRIIP,0.36491676766335157,False
LTVISGAAERTPSL,0.3577457289879171,False
FDSFQGLVDYIISGPVVAMVWEGKEEK,0.3539942705595531,False
LVDIPGLVVINHPGQIGNGYAPVLDCHTSHIA,0.3516469291679766,False
EEEKPAEEAAPAEKAPAGK,0.3481297630299465,False
FGEVTESADVIDGDGQINYEEFVKVMMAK,0.34806237184380534,False
AAGGGNHQHIGHASTVR,0.3429597306277464,False
TEAITALKERTGSSQYAIAK,0.3291453644479531,False
AQLLGAVSDYCAHHAHCTVMIVK,0.3212541625899723,False
LVVVTGASSGLGLAMATAAYQIEGAR,0.3193430481247596,False
GGAVPVAAGAGAGGEAAAAPAAEEK,0.3162084028394573,False
QVVDNYYRPDLTK,0.31562086271529927,False
TIDLVALSGAHTIGQAR,0.314071463517188,False
MVKKERKRIKKKKRKKKKKKKKKKKKKKKKKK,0.31344555768545546,False
AEVEAIAANLGADPVNNNAWAYATNFVPGK,0.3082929634005903,False
ALGLQFPVGRIGRLVLIAGAGGIGQPLSLLMK,0.3054546731132487,False
TGLTAEDVNEAFRK,0.29266130827221265,False
FESLPFIVLHGEDDKVIDGGSTQEEVTK,0.29222675509323187,False
NYAVSDDVVAVNDPFITTDYMTYMFK,0.2872708883010942,False
LLVYEFVPNNTLSHVELH,0.27949663317541334,False
IIFLDEADSMLGR,0.2773164899602691,False
TLSIIDSGTVITR,0.27724432426890044,False
GLPLLQGNVGLIFTKDPSTGCQK,0.2703758636950979,False
SGPFYFISGNK,0.26484209587437907,False
GAAASAVVGGGAPAPAAGGAAAAAPAAEEK,0.26474153284207846,False
LIDLGFQDTLYVHSLANGPEVK,0.26268135947421367,False
QSSILPGLNTLGVSLSR,0.2613562466221939,False
GGGYSDAAYGEAANVFGKPK,0.25962573226972735,False
TSNILLDSDFQAK,0.25663406641296216,False
FDLGGDNKGFIFGPPIALAIGAK,0.2531790370716983,False
ESGAGGSIVHWHLEYEK,0.2500316535008578,False
GSAAGYVLSGGQSEEEATR,0.2490821544766553,False
FGGEEESMSR,0.2483779202726095,False
NQEAIEGMNGKELDGR,0.24248326155734257,False
SEPELEEVDPEIADIIEHEKAQEEAKEDAK,0.24198885412563495,False
AGLVNTSSDEVILHTGVAPSR,0.24192455114314906,False
AVSTILSPEVIEK,0.24097242338384575,False
VKVSATSGGGGGGAPASAESKKSNGGLGGYLK,0.24076250071212973,False
DITEDDKEDEKEDEK,0.23301791422831608,False
SGGTTAAFAVDQIGK,0.2321263455006991,False
EQVIATGVHTFFGKKA,0.22814009174504768,False
VPVPETEASVEKTEEPAKTE,0.22594048240025738,False
FSLLGVTSGANPVSLK,0.22439134719512074,False
SLFDEGTTVSWVPCGR,0.22419513555432835,False
DFGNENLIEAARQAEQDAQIGEGASESK,0.21698601473890133,False
LVLTQEGEVKVVEVPVAEPETTTTAPVAEPPK,0.21651937573333585,False
ISAVTTNTTSTGPATTDQPHEKK,0.19968090872903926,False
ANIFGFGPEVIAQ,0.1966723567819146,False
EEVVEEAKKEETAPVAEK,0.1873437478100142,False
MSLIYRRSNLRSLTSFIFIYIYIYIYIYIYIY,0.18649334181188246,False
GNAFDNQIDAK,0.18525692264847993,False
IGESVGEGVTELQVPDWTQKVEQSFK,0.18453744580332457,False
STTAAVVPESVLRKLNSAK,0.18215418989448964,False
GISGDDSSEDDEPPK,0.18131753627639147,False
GGGGAAASSGGGFGGGAAAGAAAVAGR,0.18110661686199933,False
DAPLPPAPAPAPTAPVAAPVPAAAAGDGK,0.17899486532953512,False
SVIDPINTKPK,0.176925437967537,False
LSEQQLIDCDSGSNNNNNNNNNNNSLNSNSNK,0.1756442257589563,False
SKASSAAAAAAAAAAGADVER,0.1739676467523514,False
AASTAASVEDAKKTLEEK,0.1717122252031619,False
VVAAAAAAAAAAAAPPVLEEAAPK,0.16797166619651455,False
SKFVAEYGNMADALAALSEHR,0.16751072966261463,False
ASGGDDDKQIAL,0.1673429711168231,False
DLKPENFLINSNDKDMNGK,0.1666038655077859,False
TSVASTVLDELRDGFLIGGASLKAPEDEQK,0.1665974772856804,False
ALGIIDPLKVIREGK,0.16488374984905121,False
ADEDLVDVLLR,0.16389911522939318,False
MKRPNNGPFRPPKPPEFGAAADGDA,0.16269020570989287,False
AQAQGAAQYTK,0.1625010575642086,False
VQELYAEVEAEREREEER,0.1613828190167731,False
VELPTVITPEELEALMIQYPELK,0.15985349183822,False
EVVQLLGFCVDGTSR,0.1590584441132261,False
LGFDDEKDSEYGDMR,0.1563775768412971,False
SALGTEAIANLSAYEIASR,0.15548346937117666,False
AIVSQEPVLFSATSQLGTK,0.15501979226577733,False
FGQDATTILNQLR,0.15475459505925412,False
ATAAAPAAAAAATAADESVAR,0.15466635230945075,False
ADEIVKEVASSPKK,0.15445652146167327,False
MVADDTIILVGGTGYIGR,0.15149434552697666,False
AFASDDGTVSWVQCVPCTR,0.1505300480611047,False
VGAVEPAGGGAAVVSGGEEAAVAAAVLEEVR,0.15048640162241486,False
ATLQEDYTEFDNFTK,0.14878085119141676,False
DDSNVIGISYFGTQDWVSGK,0.14649218525415666,False
KKQEDDGEEAAIAAASGY,0.1425394687806678,False
EDDPDHHHHHHHQQQQAK,0.14237296174436725,False
NPFIAAPGAGNVPHIEINK,0.14207990832202047,False
VAAGVEEDAAAATAAAASASSAR,0.14070216488299095,False
VSNAEEDEEQEKQEEEEEEEEGTGK,0.1380193609857665,False
GGSGGGGAGGGAGAGTSGAEGSASTAK,0.13714127111188834,False
IQEELEGLLGGGGGVDGEGEGAGGGGGGEPR,0.13620934158476766,False
GGLASEVELDADDDAAAAAR,0.1349748171580752,False
TSPFGIAAGDGAGFSFK,0.1345926115539007,False
QKLEEVKEEAEKAAEAAEESTAGPKK,0.13406380568153747,False
ATLTDIADVVTIPTPAPAPSPTPATTPTPAK,0.1334611747722397,False
QTGPYGGWESEGGQK,0.13323196076945357,False
ATGDTAGILLPETSKPGLS,0.1332286236156948,False
KLGLPDATVDEDDIFAGR,0.1330990846160922,False
EGEEEKKEEK,0.13288059973780886,False
AADLPAAVELQGALEGLFWGSPFVK,0.1328727928869046,False
DEKDLPGHHDEK,0.13230582399899202,False
KAEAEGEKK,0.13218665028311855,False
TGAFSTGGGIGTH,0.13204665517700032,False
KKATAVPVPAIGDTNLGELLK,0.13154292541790186,False
VFDNMQKPLDVKK,0.13149931531441156,False
VGQGESGGVR,0.1308692181528888,False
DGAGGGAAEEESSSTKK,0.12976566576474824,False
QALSFFGDSSAPPLIPSDSTSDR,0.12960527660670396,False
EAAVAAAAADGQGAR,0.12936382830845095,False
IDPETGDITQVSVHEEDALSLK,0.1291697121849076,False
AAAAEAKEGEAAK,0.12856990249942404,False
KKPPPPPSPSAAEADPK,0.12829956787627309,False
FDTLTGSIPK,0.1275809716064834,False
SLTADEALQDLVDNLGTIAK,0.12745082314567335,False
GNSVLTAAELDEEVLQIAHR,0.12520915149181083,False
MILKLLLKIIKILKLLKLLIIIYKKNIKLNL,0.12485725706545446,False
EEVDVSDGEDESDDDEGDEKKDVDGEEAGK,0.12452219662231954,False
KLFEVVEVPPKEPEAPAAPVSAE,0.12296458936648665,False
TSTAAGDETESLHVK,0.1227995769165427,False
GDEVDSKDREDAENAGIYGSQSR,0.1223670322578283,False
GKLYENALAIIESSLPDGTAITGESK,0.12203666335870215,False
LQAEQAAEERAKEAAQSTKELYGDKEHAEKAK,0.12146074561006946,False
FDSSTIQEAFR,0.1213938425005596,False
DKGDYVGKGGEGEAAAVKEEMAR,0.12112049738143461,False
EFAEAQKELIDLVK,0.12111051718377176,False
DDVNQIGLAQKIG,0.12053361612133656,False
GGDISTITVNSYTLPNVEIHTY,0.12041002352763876,False
DGGGVDDELLQQLGELFR,0.11970641249816819,False
NSGANVVLTAR,0.11927433378458853,False
MNLINKVDIRSKSSSLSLSLSLTLSFCFYL,0.11913031704976458,False
MSGGSFIICFSSSFSSLLFPFFSSS,0.11886485204131675,False
DEQQTDDDDDDDDKQDDK,0.11826771840527203,False
KAENATVVTETAAALLEK,0.11805893799650971,False
MFNFLLIIKIKLIILYIFKFMKFIIFKK,0.11709075272032143,False
TDAEESGEK,0.11598517381550061,False
LQPTIFSDFTFHEYNEK,0.11597891649438151,False
IGDVVLLHDGR,0.1157596232395952,False
NLQLAQGPKEPTAVTAPATPK,0.11531748265862479,False
DSSSSSSPSQSAPSLEDLTPR,0.11490095892027591,False
DSVLDKLEAEVAKLQELEK,0.11411102955778392,False
GAVAGVETVK,0.11397979369131832,False
ATSGGGGGDRNNGGGVDDNEAR,0.11370798837539811,False
KPVISEFVESLLK,0.11249614822375939,False
FLTDGGGGGGVGDDAPVPPASFLAR,0.11240595115110256,False
MSNFFSFFSLFTINIIYLFLKIFLLK,0.1123628285765014,False
AVEAMSDGLPDANAPRPR,0.11138164950728129,False
AAAEQALSVFEDPEVQR,0.11017738593088633,False
INPNAPLNISSR,0.10951395765567123,False
FLEVDNDGDGDGDVAVLKPR,0.10910859618065692,False
LGALDDAAAAVR,0.1091060007129221,False
VPETVAGSGGEGEGEGEER,0.10900748440134654,False
MSIKLINLVYLFSFFSFLSSSTALLFSS,0.10835955139155815,False
MILLITILTKLYYISVLNIIIIKIY,0.10829417217444061,False
SAEPTTTTTADKK,0.10827912389981871,False
TGSLEAAVKEVANLDGSEIGFK,0.10813993692434509,False
MGSRTTASLPHPPPLPRPPLPSGSS,0.10809087119157416,False
DAENEAALLEAEAR,0.10782334154799396,False
LEEETVEIVK,0.10755006898222673,False
ELEQQELEK,0.1075457699129008,False
NLTGLLEMVK,0.10736769935768173,False
AEEIVTEAVPESNTVTKK,0.10718706427894686,False
MAGFGGEAGGSSLPISFLLFSLFFSFFVSFSV,0.10703495339913469,False
MLLLGFLPLPILRTSSSSSVRRGSVSLPL,0.10665568438294028,False
FFDSFIDKVR,0.10662153025675893,False
AGQNIDPSILQLLR,0.1066127316582887,False
VAEQNEEIVAAAKDEVEEAR,0.10642678939001964,False
VVPEELKQEYDVAAALEK,0.10579206775172194,False
EPTITVVGATGR,0.10517364909701761,False
VSLLGSSLPTTTDPTTLDKTIER,0.10479238206438246,False
AEAEVEKKTEQVTLQEQVVEVKEVDEK,0.10384604091482555,False
DVEDKTVAVGGAGGVGVGKGITVVKGTK,0.1037422404022271,False
MGVLGLIWSNLHLVLVIGLWVKRVRLGVK,0.10324383175518319,False
MLVFLNNNDIFIFLNFFYLNFIVLIK,0.10321355046444323,False
ALTTSNPGLSGVVLGTK,0.10315231258942616,False
SPFLVDSASTADAGGGGGGK,0.10299745256023286,False
IAEYLGGDVK,0.10293433712860081,False
FEITLLKPVEPETVEEK,0.10277070073881613,False
FYIEYDSEDHGKLK,0.10256591171193533,False
SSTPTDDLLADALVPFTLHLVEKPDGFLK,0.1024757787656911,False
MKTTTSLLPHLTSSSSSFPTFSPKPFL,0.10233308635457634,False
TPDNEYSTAR,0.10227459756231913,False
GFGSAPPAAAAGGVAPVR,0.10218425507619867,False
DGNLGEGKETEEVVEGK,0.10213441947092078,False
ILEGIADFTNK,0.1019128047987162,False
EVVLTAAAELAEEVER,0.10184336061774177,False
SQGITAVATDNSSESK,0.10178170238623642,False
DGATHYDFVTVDDANGHK,0.10169563036626378,False
TATPLPHMAEGLVDGSDFAEYVK,0.10167057700150935,False
MGEEEGRSPKRRKRRSRRRKRERRSKNESQ,0.10131869136884215,False
AALAVEATKPNVSVSLSR,0.10131018181187036,False
SVEELTDGSSFSTVTEPSDVLR,0.10119922724426347,False
SLLDLEAASLAAK,0.10099116384017098,False
MLKQIYFSSKIYKKIKIKLSINKTN,0.10089465448457119,False
SDGPALAGDSEATIDLLNETRK,0.1008294229109633,False
GLSVGTMTVVPR,0.1007658840603332,False
KEEAVGAGAASR,0.10054880298179669,False
DIVADEDDDDDDAVPELLGK,0.10050806593218008,False
AAQGATGTSK,0.10020908764313834,False
IAEATAAEAALAGK,0.10006424995359707,False
MSKTSVQNDILSSLFTNSKHITTLKTN,0.10002474666384863,False
MAFRRPKTSLGCPRPFFLGFPPKVLCFLCML,0.09989173256824906,False
IDGSGKVQSR,0.09967701264077142,False
TLGGNLLKPDIIGNIQGEDELPEHAEK,0.09959372940119993,False
NQAGGVAVYLSGGQK,0.09958464099016792,False
AELAASLER,0.09957654264063259,False
LPPTEDELR,0.09906897954781364,False
VPSTPLNFENSFALVAK,0.09906571174040013,False
MNFSLKKINFFIISFKSRNFHLILKKL,0.09902103491248136,False
LPDLLPVLALREVPPTTSLLELQAQAK,0.09863584944846726,False
ETLTEEER,0.09858941261059542,False
LLGQIEEQLEK,0.09843770778402818,False
TAPSSGAGADAGGSPVPGPMQGGVAR,0.09811271109106973,False
MILILFILIFFSFSKKFLFYHNLNIC,0.09800680593840903,False
MELRIETFIGLFIYFKILINILIFFYF,0.09795413038202724,False
MRAGGGGCGGGCRCPRRCPLHPCLR,0.09751923430014153,False
MRRLFLAKGLVVLILLLVLLLRVVSVIVSIS,0.09743763264041251,False
NNIISSKPKGPEA,0.09727953185278171,False
AAENALNLVALAEK,0.09700834589646129,False
SPYFICGR,0.09698668384588449,False
MLKSYLLLILIFYRYKKSFFFFVFVVI,0.09698138669167868,False
MQSILFVVFFSFVLLNFKNIKYKLK,0.0969696612946061,False
MVSFGGSLISIKALSNTSFFLFLCVLLLLL,0.09684264235908878,False
MTLTLLFLKTPLSLLLLLQSPPLRPRQH,0.09681207115516191,False
NDGLPAPTSPSNPNDPSPSPSPSVK,0.09678974840146584,False
ILSELQQAAAAEVAAGVSSGGGDVGQAIAVK,0.0967578771780673,False
EAMPDAEGSGATGSASSGSGR,0.09671914151909186,False
MENKIEKTKNNKIYIYTKNINKIYLFIKNQT,0.09654984314546329,False
MSLINLVINSIIKLIVILFYLLNIFSLLNVN,0.09567598351352034,False
IEGDEVEEEKENDLNK,0.09561856008952016,False
DPYTCTPIYR,0.09540605912565017,False
KEDVILQFIR,0.0951838291032842,False
FLDVSHNR,0.09513819693503263,False
EKEDIVDAEIDEHLSAALQQSVK,0.09510523742392725,False
AAIEEEIAVEK,0.09501100408417101,False
ALDINPALVDK,0.09493406346775712,False
EPPASVDWR,0.09442223414083763,False
QKLEVESELEESR,0.09433349877700052,False
MARVELKGTPSPLFLKSSFLFTFLSFSL,0.09427922412030729,False
TTTELPFLIPAAATGTPLK,0.09422864129396631,False
TGVPAQIIGR,0.09420449187639042,False
MPPQTQPSSPLASNARRRRGSRASP,0.09410004095332893,False
MSLLESLLGELIPFVLATLGSLSIF,0.09407432206536269,False
KQIEAESAAGSDGGK,0.09387523715975632,False
NVELSPVDYGSELTGLAR,0.09380290259194593,False
MENSTILTNTILNNLSSFFSLTSSTTSLT,0.09358183295393943,False
MTGNSFGSVGSSLRSAVSQAGTSGRASTR,0.09341594605935515,False
MFFFLSNNLLYTPFLLLLPSSPVKT,0.09320090148510883,False
MLGIKLGLIKVIKFELKKNLINKIKSNIS,0.09306646681547617,False
MLLLYFFFCSILRFLPPSSSPRVTRL,0.09296835245801187,False
FSQDLGVGASTSPSPSSGAAPPLPAPFFSR,0.09296414840518719,False
LVQETPDEAIAEFFAK,0.09284416025784106,False
MKYLLNHSLFQVFFSLFILVPFTIVLLFLFL,0.09280952445870708,False
DVNFGQISGPIPEAIGDLNFDTK,0.09259965676426847,False
SSSNLLVSDETLPFLEK,0.09249057719716672,False
KLESLEQEQK,0.09242607508159877,False
AAVQGLPLSAAEKPAAVEKLNVEK,0.09237994127481132,False
AVISESVAATAAADSVADAK,0.09228781506707093,False
TLSSEDGGTTTEIVLTTSNEVVDPLFHLR,0.09227329725662232,False
GFLVESGKAIANVIKSAD,0.09221154958322035,False
VADEADKALAEK,0.09212034222954774,False
LLFTAGGDAVGSIR,0.09202543743336476,False
GAILGTIK,0.09199530326773232,False
ANQIEGGPAFGFVPTK,0.09196842502025256,False
ETVQQAESPLEAYCK,0.0919467479764031,False
ITFQNANAIPSTDLK,0.09191038815843666,False
ESQAAASLLK,0.09175845965482156,False
SQVQQQQQPPVVQSPAEQLQQGGDVPAVA,0.09167094201898236,False
MVLGPIFTSTFYVLILILINLFFSLFYKKL,0.09157915534873855,False
MEKFISFSSIYFIISSFYSYLTIRLSL,0.09155148281698403,False
ATTTVSAATSK,0.09132644023916332,False
ATLEALEAFR,0.09121161497254492,False
MEEELEDTLKK,0.09120378012823542,False
MGEGKREGKGELGRSRKGEEESEIWF,0.0910665722380608,False
LLALTALGSATVLRLIRRRRRRQKLSA,0.09105621642172333,False
DLLLDAEAAAPK,0.09102912951584323,False
LGAFPGAVAASPPRR,0.09042265041039486,False
LASLGSGGAGLLAGLIDALLEK,0.09041313919634414,False
SSIPPNSLTFEEKPAADSYNWSR,0.09039709500000888,False
VAPTDPPVPVAIAALAAVLAAAEPQAVAQDR,0.09018210132219713,False
MLIPKHSNSLKFGSFISNRRLSFFFFFSN,0.09007721009156093,False
MLSRPFFQSLVLHSSLLYLSSYKLALT,0.08996673304900125,False
TGNSAGAGFSNR,0.08988996671077244,False
KLQGLSFQTEEAVEALNAR,0.08988787684085683,False
AFTGPSVSSALGDLGSWTSLAFDDER,0.08985294857212281,False
KSGTLPASPVTPPQPTQPTAASSVLAK,0.0898377335345683,False
TAVDPQSTFR,0.08967567581022158,False
GVNLQELDDDDGDSSSEPESSR,0.08959927130372966,False
TSAGTGGGGDPVDVSSTNVTSAK,0.08935710984610327,False
GIEAVDPAMETLSKEDLK,0.08930657992401315,False
MVLKKTYKKSLNFTSSKIYLLVYSFIL,0.08929521230814168,False
ASGFAGTSSTVSTPKPTK,0.0892921093973684,False
DGVAADTTAVEELER,0.08908998469884652,False
MFLFFIILFYCIFNNVLRLCSFIFYYVFM,0.08897953229273124,False
GVDLEAAPTIPSK,0.08891781463215623,False
QLLTAEALPADPSK,0.0887967808671868,False
MLLICGCGSSGSNSSLAICVLTSVSLSLATS,0.0887737811110868,False
LKDLTSK,0.08873139095688577,False
KTPPSSAPAVSSDVNVTDPAVVK,0.08863897244680477,False
LDALAGTLAASEDGDGAVGGTAR,0.08856765324847828,False
MSISLTLSLSNRLISCPRFFCRLLR,0.0885475448729661,False
TVLVEDTDSSLTK,0.088442781068503,False
GALSEDEALK,0.08840603575369234,False
IESLKLLSSS,0.08826319428050845,False
MNPTVAASAAAVSLPALLRRGGCASLTS,0.0882087535097221,False
LPTGIVDFVADAIETELK,0.08816406841056025,False
GSDEEDDVEAEQLK,0.08812079519928115,False
EDGTVSYEAETK,0.08807598279176876,False
SSSSLDQSSDQK,0.08797653894560901,False
AIGGSEEEIKLLAATEEGSDIVVVK,0.08790010419908362,False
SPDASSSSKGPR,0.08783789533597834,False
MPKTPILLRELLKRKTKKIREKKQLS,0.08781091641283865,False
FEDADIIALGK,0.08780439264237404,False
VANIVPDVEYVLK,0.08778780034451648,False
NGLSGSSISAASR,0.08752282408830596,False
LIEDINNGDGEEIDEAELQK,0.08752048423914005,False
LSNILSSSR,0.0873777056384154,False
MVLPSTLSRPGLARRRTLSPTLSQSAQSLLRP,0.08727538764448611,False
TDPATTTPEKSKGGGDASLGQLLIK,0.08710092369244252,False
LFHLDGQPDEVAIK,0.08701844695258301,False
EVLQSDDVSLTSSGKPIYGATVFEK,0.08699403711123893,False
GLAAEEVAGR,0.08696714942684412,False
LSIPLGPLPEGLR,0.08692736176641411,False
MKSTESTKLSSSVLEFQNVLESSNLLSS,0.08691144219258923,False
KGFEDEGLTTLLR,0.08686678986708485,False
IAEGMSGLTDEEISK,0.08685133100314317,False
SVVEEGSPKRENAEAEKVPDSSNNENK,0.08684298649474585,False
ALVPLVTTAQAALSGLTVPASTVAVLR,0.08683846487457043,False
TAGNIFGEGK,0.08673008184056127,False
LSSLPSEYK,0.08667444376908032,False
TVGSAALVAASVYNLPK,0.086583888799717,False
DVEQDGEDADDGEEK,0.08657762705075375,False
SSNGGAGTGGGVLDDPSAVLQR,0.08649063022903916,False
MKFYFFNIKRINILFLRSETFKFIIK,0.08647764343388097,False
STSDNDTFPSGAVDVR,0.0864462304824013,False
MRTQETKLVKQTLLFLFILIYVLFLYY,0.08642095158509408,False
TPANSPLPSSADPNAAALPATLVPDEPVDPSR,0.08629248698711543,False
AVDLDDALGGIDLK,0.0862383552186443,False
KIVQDIVVGTLTAK,0.08622232440464644,False
IESLLAER,0.08614758695277193,False
ADDAVATK,0.08607375712986808,False
MLINRESNPSNHPSSFSISLLLRLLRTNLR,0.08600815719683118,False
MLFFIFTSISRLKNIKRSLKISLVLSCKN,0.08597009414724194,False
MPRHLHARPRAHLAAGPAVAPLRCHSLSSPP,0.08592698147797015,False
IGVEEERKEEETSASESK,0.08578716970407155,False
MSNLSCSFFTFLCFHTFLLYCCSIPFLI,0.08574739349181568,False
TALADAAQLRDVPDEVLLAALPSTK,0.08574168150242073,False
SPETPLTAGYTAGKPR,0.08570825780479921,False
MLSCSFFTFLYPYLFVGFNRLKILF,0.0856808926160755,False
DQAIVCAVQMAAGK,0.08566362446434522,False
MVSLPQSR,0.0853636557131599,False
DGGSYGEVSGDSTDPPK,0.08533772538346963,False
NPAVAAAPLSEEPVR,0.08520821718655172,False
FSAGIPAADDGERVDESLPLPGVLALAEDK,0.08512640248176859,False
AEVASVVGGGELSDLVQLLQK,0.08511439542872144,False
SAESLLDSGK,0.08501805169695512,False
MLSYFIFFFLTTVNYCTNNFFFVSYILINS,0.08501399443883852,False
VVSENESGEEENNEVTTTEDDPDAVKK,0.08499397898898567,False
ILVGEQDKKPAESVVGK,0.08499175022729162,False
MRSKAIFSPLNINNSLNNLLSSISNLQNIN,0.08494339504347956,False
MFYCLNVLLLFLFFFFKYKFIFYETSVLILCT,0.08492088830950797,False
SSDDKDAVQESDEKK,0.0849207761406579,False
LITVAGTDGGPR,0.08489834779422507,False
GVLGNVLAIK,0.08484035423367556,False
SASGSVSFGGK,0.08477670236030636,False
AVTEQLGAAPPPRPSLK,0.08477395158099735,False
VLALLEGSPEASAEPVAEPER,0.08455144664301621,False
EESLLAAFEHAASGAGKPLLLQGLDLSR,0.08443862438324264,False
MLPLQLTTSLLPTILPCLKFRPNLL,0.08427325055655675,False
MPLSSNASSRSVVPIVLKLIIFLRKIF,0.08420679856880958,False
LSLEPASGGGLSSK,0.08419057064746913,False
MLSKNSFKLTLQNKFNLSSLKRGGINKKKKN,0.08414739516132175,False
LVVLVGAVGCVPSRLPLPPQ,0.08414728955925277,False
MQILFINCVSCSSLNFFTILKISCL,0.08401423200519717,False
GELTPFYLVDEAAK,0.08388246086595103,False
MSIRVAGLAGESSLLGKSRPPPPLAV,0.08382215389424154,False
ANASNANEEEALKIIEGTYAQIAALK,0.08373471202561483,False
AVTIQSNDELQKAK,0.08366742411336442,False
MRSLLLTLFLLKLLKEIFEIKEGSLEDN,0.08360833945154324,False
LEFVQGVLK,0.08357781888935893,False
MEDLTLLDGK,0.08357078324735774,False
GEEVDSDYSAALVADLSDAGVASR,0.08346225317648154,False
AGEEVENGDTGVGK,0.08345127512565635,False
EGNELEDAELTLSYLK,0.08342541549717698,False
DVAASSVLK,0.08340771692001497,False
LADSILAAK,0.08338752739191128,False
MIGIAIAILVLGLSINGAVSILVFILVSRRL,0.08337694709468994,False
DGSYPALPVVGFVGR,0.08333594606109168,False
MLVGAIADPSLK,0.0833053376126251,False
MQSFQLSHISFVLLQNLNKKKIHYLLN,0.08330407577071657,False
KDEGHVATPAEVQNSVPSNKDVVDR,0.08325340968597962,False
MRASLGRLLITLRKLSKVANLLLKEGKKLI,0.0832105717344769,False
MRVCFLRTSNRSLVKSNNSSRLSRIF,0.08315702343530458,False
KEETDASEEKQENEIGVLR,0.08309014584650044,False
MRQFLLQIFHLLQLIILLQTLKEFFNLY,0.08307601140387308,False
EGAVAVADSELR,0.08300280779318907,False
GTGFPDVSTVVK,0.08300189336250331,False
MKTIKTIEKVHVQIITLKHLKKINKTVKSL,0.0828498588230264,False
VAATEESASEAGAR,0.0828310077220011,False
VVSNVSQSSSLLEENGFR,0.08278955692906802,False
MSPGRLKERIERKIRGFNILLSFFLKK,0.08277624817248413,False
MFSHGNLESILRRITTLVPLIISLL,0.08275163696957386,False
ELLFEMGQYVYDK,0.08270351077011011,False
DGSLADSEKDYAELVR,0.08263913288482225,False
LAVQLIDELGSTTDK,0.08257732695129594,False
MLPPSLVSSSTFLCFSTVRIQVLALPCAP,0.08256596465206252,False
MNLLNLLINTNPNQQNKPTKTKTHNTQ,0.08252233067103207,False
LAYLGMDEDGKVR,0.08242547380793083,False
MKLFYLLFILLCSRSYKVRDVYGLILI,0.0823984477416508,False
AIGAVSSEITQLLDSLVK,0.08234674766070058,False
GTSAGIDRDSPLFTNCGKK,0.08223412884391351,False
VVGDLEDDK,0.08219625664453406,False
GYDVVFVK,0.08216697179716871,False
AKQTLAQTTTQITATPATPSTLL,0.08211210879059212,False
QILSLAQDIANK,0.08209586183484997,False
KPSAFALAFEDK,0.08206504231141057,False
EFEVVVPEK,0.08204995844228416,False
LGESQTPDSGSDSAGDSK,0.0820211005280801,False
TVASTQASAK,0.08197410542360342,False
MVVITVLTSSSKNPKNPNQLKNIKRK,0.0819729026403508,False
MFGETTEESILSLFK,0.08194661955734467,False
AVNLSIGGEGSFASAVASR,0.0819094941279911,False
GSEGLAPALEVAAK,0.08189276410711735,False
TEVNVTTQGEEQR,0.08188787538678395,False
MTLFGFNRIITNESFFYYTFVLFLFLFN,0.08182237276441862,False
MVNLTEEALSLISGISETQKIKKKKQIVI,0.08181938905980568,False
SNLGPGTSLSQNGSDR,0.08173483717965996,False
MNSLLQLFCLPRSLFTSTNLAVTARSLS,0.08169824441677448,False
MVFLVIFSYLISCYYNSSRVYILFGINLN,0.0816578664583037,False
VAESLGGVSSK,0.08141931467661105,False
SNISPIAQGAPSTSPSALDR,0.0814159284773842,False
MSFVTRESFVLYRYNIILNFFICLYILLY,0.08132145786074911,False
LIFPALVGSILVDKLD,0.08128910988908837,False
SELVEDFCEGTK,0.08117887444468537,False
AVSSNGVSQASSTPQPIR,0.08117791586239961,False
VKTNRTTVIAHR,0.08113928488982729,False
MVRNLIYFLISLSSREGFCGVSSGILVLF,0.08110460014574562,False
LTSQSTLLSLSSGTPGQPPENAGLTR,0.08109151967214331,False
IVSSPTLVLSSNGGR,0.0810628723514726,False
MSSQEGPISLLLFCKIILPFSHTHVSLFLSS,0.08102400472989112,False
MVLLFCVFSNVTLKLLSNLSCFFNYITCK,0.08100055337592377,False
MQLKTVLILKSNTKIKQHKKQSKILIRRISS,0.08092955082484712,False
FNDYFESYGGESFSR,0.08086333493685299,False
MEFENEKSEKNVGFLIYKLFSIFLC,0.08082373745428474,False
IIEQDGSVVPEEVIEVNVDRDKLEPGEK,0.08080380767036868,False
MIRNPRPFFPRVPSFASPSHRPPST,0.08072669829489629,False
ILTQGLGVAYR,0.08070432310131134,False
LINEDQPSDSQVSQTVDVPVEEEKEEEPK,0.08068457210003167,False
IALFVRLSLLILVI,0.08060460929537623,False
MLGVSSLTALRKSVTATVAATKSRNL,0.08060342113680492,False
LIDDAHNLESAK,0.08057311934347951,False
MFPFYRLLLPHPVFQSLCFFICLIS,0.08046188342791018,False
DSSNSFESLPSLIVSEK,0.08044601371722887,False
ISASLFSLFGRP,0.08043646804318089,False
DESGKLTPLIKSGQ,0.08038602419852993,False
MTGGSDPLASITGEGDR,0.080370756847855,False
MTASDILDLRTHGCRILSRSISRFLPSPSLS,0.08031740256190636,False
ELSNLILGNKPNSGGAGSDLDEVDSER,0.08022205979202601,False
AVPDDTPVIVTLLPGETVSDEFEQLK,0.08021306844240134,False
MNFNKILKNYVNFTSKNVNFLEKYYNLKLLT,0.0802016496898053,False
LIDTFPENIEVLQR,0.08018293977056833,False
MRVSVGILILVIPSKFLNRNSIFGGISLF,0.0801546780679653,False
KQGVPSDYELVEQCK,0.0800995302034488,False
MKTRAPRFFSVLFVLFYFLLVKTTTLCT,0.08000911503033398,False
DPEGTATYGIAR,0.07996205843483649,False
STQNNTGSEVK,0.07994375094131205,False
FEQIIDSVEFNSSDDNDR,0.07992337042533007,False
ILDICEEPVVQLK,0.07986637038717143,False
LVLEYAASSVQR,0.07986195498794954,False
MVSLLEQLSPTFQIANGGGGGGGREPPLLPTP,0.07984185414298475,False
MNSISTSSSPPKQKQTNQEQIEKKTRSKSIF,0.07979410344009062,False
GAADQVIVADQER,0.07972047503710966,False
AEQLQAK,0.07965185469196272,False
MAVQVGDDGAAVARARLLDAAALR,0.07952125812710147,False
MTLLICHSSLLFTHVSRYLVSNSKNLH,0.0795017584177716,False
SVTENGSDQSK,0.07949317607331026,False
MVLSFILLNIGVIGEGFLFTYLKNISKLV,0.07948518217023065,False
MIKGITNFSFSTLLYKTQSQKFLSKLI,0.07944713361116529,False
MLGYDNGLSFSCIFVFIYIHLFYVNM,0.07943731441776423,False
QFVPIVEMTR,0.0794151598737367,False
QVPTELSGNVIGK,0.07940601896789024,False
SAPVNIGSLASK,0.0793768011825658,False
SSPDDGDDEGPEEAVDK,0.0793764463414061,False
KIPSASFSPLVEK,0.07936637315360158,False
MTPTSPLLLFIQVYFYIFILSYLLVCCNCN,0.07935023916277585,False
MIIIYNNVQQRNSNFISRNFNLYLILRL,0.07930806833244926,False
FGDGVGVGLISSLK,0.07926184541891892,False
MQRIVSSIFRVLLHFSQSIKHFTFLP,0.07925251792467204,False
MVLSCLCIFCLFPFILLHSCTTFVSSVSCPK,0.07925045250604378,False
LPSVVEPEVTK,0.07924382631159298,False
MLLTVYICISIPLNISITIIQPTPIISYK,0.07915424805154667,False
FEIVEGMGETDEAKV,0.07907023311984247,False
VIGLGELEQAGYPVAYDR,0.07905179128572142,False
KGEDSEAENESK,0.0790476316134467,False
NSIAIGDVPQEIDLDK,0.07901720344135545,False
MNGLLSKKRNRITSFISTCTKLYLNIT,0.07901639190033223,False
MKVFTVSVRKSGLSTAFLFLAASLSFPLRK,0.07895683884842196,False
LAFEEATLEK,0.07895524722954106,False
ALEAIAK,0.07889550748760812,False
MKSIRKKNPIYSRLRRNPKILTLQLTN,0.07887738777597919,False
SSVEDLFSASLSANDLSTR,0.07886789816383498,False
VVEIEGNDKDDDDLR,0.07885058398693782,False
MFTFNFPKSSSQISIHLKLNYYNFKLNLH,0.07879323389783978,False
LVTEAENVPPPVTR,0.07879287689959646,False
QPSPNASDSSSGIR,0.07875505563416633,False
LVYQSPTSVQVLAAAER,0.07873437052550042,False
LIESTAPALVENER,0.07868230485469459,False
IIFIGSPEK,0.07867936580005028,False
VFFDIGVAAQSLR,0.07863458592332442,False
VLDEAHDK,0.07863335875363033,False
ALELLNSPLHEIEAH,0.07862049618130622,False
NSSDQNNSAAAAR,0.07857681733023655,False
ESTAVIWGK,0.07856561037039447,False
MFSSLFFKILFKCNKISCHNSCSLNINY,0.07853668385259908,False
TGVPSIVAVAAK,0.07849390666451017,False
MLVFIFLYFVCNVLILKTFRTRGLEK,0.07840692415083406,False
SQEVSAMEAEVVQR,0.07834779086368021,False
MKQKILLRKRKSTERTRVRFLSFTENI,0.0783463088910992,False
SSVFDSSR,0.07833781277330609,False
MSPTSPVILAAIR,0.07832683790939732,False
EFEPDQVAIALAK,0.07826602192618677,False
LVSADDAR,0.07826279559416847,False
GIGEGCPVTGGLSCCENQELAR,0.0782549257920785,False
MFVKYNNLNLIRFLVFSFFTNKCSITSI,0.07819812918335327,False
EIVSSVCGEDCK,0.07818843318774982,False
MFPNTSRRRRGGSRGCFEASRRQTV,0.07808151521072786,False
MLPQLVSGQTSK,0.07806037966364254,False
MEAGARISLAGVPLGLILRKKNERFSFFL,0.07804828628257172,False
MSSFQAIILIVVYLFKKVIFGCCLF,0.07802966876634491,False
MPCRKLLSAISNQLILHKKILFKVSFFFFC,0.07802906681421083,False
FTIGEYLETGVK,0.07798092847483153,False
SGLLENVNAK,0.07791244109314581,False
MLLIFSFPIRAKYKVITSFSKYFTLS,0.077911148158593,False
ALNDEEEVEAITK,0.07789979759011899,False
MRTIKKTLSRIFLVFHLSKTLNVKKSQKQS,0.07778047644150012,False
LISETIDSDEDELKDPQEK,0.07777138982087067,False
ESFSAFDLLK,0.07775069905276641,False
MIEEVNNSRFSSKIFKFRKPQLLTII,0.07774137111731073,False
SLEPLAVTGLRDDVVSSLK,0.07772844392606618,False
AIGPVDTYDVDPR,0.07771277190358979,False
MVQVLKLISEAIQLSSVTCLIHVRSCL,0.07768346483896878,False
KPPEDGDGDESIDPK,0.0776610862442803,False
MPKSKTLATLNHIFFRYFPSTNLII,0.0776599845592674,False
GALHHVTGDTVTVITNLDALLAPVTK,0.07764656726168676,False
IPVYDDGWVSVAAQTVALALR,0.07760077931495486,False
ASPVVTFSSVR,0.07757827202023566,False
MVRVRTCTCKRSRSCTSPPILVSPTFISPILA,0.07733155752928703,False
MKTLETSPHVSNLLTTSHKLFKRTNTFLF,0.07731139965681905,False
EIAPIISLLKK,0.07728585467770989,False
MLAISTIYKYTIFHIISFTIISFPYYCFNF,0.07716597041619125,False
MPCNRLGGGFSFGRLSILILAGRLSRPSIR,0.07713035558861482,False
MAEKKLLNLLKFYNNNSLKKVYLKQKSFLYS,0.07712096484857653,False
VAFLPAVSR,0.07711916619882947,False
EAAVSPPEK,0.07711876271524051,False
SISFQQPASAAEK,0.07711225383840953,False
SSFDAPEDDLSSEPSFQEVK,0.077111631721007,False
DFVPALAAK,0.0771040783707131,False
LLIEDEDLSIIEK,0.07694985859681484,False
GSEPGGGSEVSSSQENDSNPQR,0.07689878681902987,False
MVLGKLNKTKTKSFSPRSITNYLYLVLTLFK,0.07689290386811495,False
AVSEGLSQSDSFGFIR,0.07677802049912288,False
MAQIFKFPSSAHLIQLLSSNSHHANS,0.07673889764106166,False
NTPDPTSTPTK,0.0767225467123788,False
KDYEYIESDPTLLTVALDTAK,0.07670178160728645,False
AITVPKEDITAPSPSSIQLQR,0.07669775342846986,False
TVGSGTDKDSSVAPK,0.07669704131609337,False
ISLPSAEAK,0.07668776213901092,False
MFLLSQSLFTIRSLLPNSVCLHRNSHSSVC,0.07668653977599645,False
VQVGPAGEVALVR,0.07667783167729977,False
TTGAEEEAERDDGDDER,0.07663810947547131,False
GTGFDGALVDFIR,0.07663585321233743,False
ASDLVQDFK,0.07662800760449785,False
MLEELSEENNIVAFTVGQADDVEK,0.07662474567281113,False
MIQGLESPLPLLVLHRFSTLKSRLCLGRGCSC,0.07662466926755404,False
ETELAVK,0.07661972817997455,False
EISKEQTESIQAAEK,0.0766194011042399,False
TILSFVPRPELDLLK,0.0766191143052034,False
KVEAEEGDQSPK,0.07657277383204199,False
MVASTAQAK,0.07657027427124864,False
VSVEDIVISR,0.0765540977115684,False
AANLGNVVR,0.07654535006651926,False
IIGIDFNSTFEHEELNEAVLKGILQRK,0.07651644552873298,False
SAPEPLFNNGLLALLATASR,0.07650136327355346,False
MVLERAKIISEPEPNSKEKNPQKIKRKT,0.07649741918172387,False
QNALLSADVSDSSQR,0.07646556568684908,False
NPSLNGVAEK,0.07645340153780739,False
MVNSVPVKTKEQLLSFAKPRSKTKLL,0.07644166829041392,False
MFLLVILFTCKILLRIVFKGRVRINET,0.07635820513124184,False
MVGFVSFSSSACKLGLIITIFFFYKVREI,0.07633839906654047,False
MVAPLAGKGR,0.07624408402572166,False
LVYLHSNRPDNK,0.07622866593963112,False
ILLESPVISSLLTFNAVGEHAR,0.0762264698375222,False
MFIFFFKYVYNNFTNHNISIQRTKF,0.07608934193269905,False
QPLYAGATSAAGSK,0.0760580792982213,False
VPVILNDIDMVPSAQK,0.07604617912493959,False
DLVQLGNSTAR,0.0759966852687267,False
EAAFEQQMER,0.07595841147586295,False
ENFINVK,0.07592454123418636,False
MSVSLPSQAHILIHQKSRSFLKLQVKLNLKF,0.0758642001973954,False
ELTNVLGADSK,0.07584764698821739,False
MGINNRFRVFRLDISYSNIVFVVFI,0.0757522070003144,False
NVEAFKQQQQQEPIVIPSNGAA,0.07574899672369363,False
TNDLLSTILK,0.07571641583338652,False
GDDSPPESIHVR,0.07569704852552056,False
MFVSLVYINFYKNNLNHYSRKKNSRS,0.07569036314578621,False
VQSEGLPVTK,0.07555811661945849,False
MIRNNYLFVVSNHSSSQFLVRISRFF,0.07551522085387442,False
MAELSFLKQLQSKIIKQFSVKTYISTSLPQK,0.07547741769117307,False
ATVIIDPTGADVKPAPAAAS,0.07547444168896991,False
MVERPKKKGSSPEPPHHLLSKTLVSSAK,0.07542639680257808,False
INSALNEFDVH,0.07539499307648567,False
MVRAFGGFKGSSKNVRFGSFRKPRI,0.0753387639049885,False
MEDDVVVPSIPER,0.07529639689413906,False
TQTDSADSNGSDLSSNPVLGK,0.07526824997262382,False
LSVSSEAGVYK,0.0752471521126005,False
AAFVPPR,0.07508897187310935,False
VPSLTPPLTK,0.07505346891539512,False
NYDFEGK,0.07504033090864419,False
EVIDTYNVLLK,0.0749318561544371,False
QATALLQVSILALEEAETLK,0.07487118827654922,False
MGNLLFILYSKTTSHVRLICHFPTIFL,0.07484868201561792,False
SGQGLADAKDGLPDVK,0.07482599428815703,False
VVYTQALSGVLQLPESFAGEDVLFSSAR,0.07480944840917847,False
MPCFFIHTLKHKYIILKTNERFIFI,0.07474407698551773,False
KSFLFLLRL,0.07467819626499864,False
ESDFGEFDKAQEKEK,0.0746453441844085,False
SGYVPLPVR,0.07463834422572177,False
MVLAKAILEGESSFPRVSRPKLEPGSVSK,0.07462427738027745,False
MVELKKDLTILIRCFLIGVVRFSEFV,0.07462380109681951,False
MFGSTFTSSTSSFTLKKIYTCHALQQ,0.07457435211192594,False
VGVAHAGEITNSGR,0.0744880205729879,False
MVNKVKGGTIRFLRTVIKLLNLIVEILKGVS,0.07437377298712329,False
DGAFSPER,0.07431396876069546,False
VFGADPAGAARR,0.07429478946944885,False
KGGLPIHAFYDPLR,0.07426797264188092,False
DFEGESMIGNMGNPWFDLNDK,0.0742625243973614,False
ESEVNHVVGDTAAIVEK,0.07425002254318273,False
APDQPPVLNLQPVTPR,0.07424753556690826,False
MEKIFGTYSTSLKTINSLKFCHSKH,0.07420328161060419,False
GEFLHYLASDVIK,0.07418675556265901,False
DPFSLFDLPGEDGLAGESEAK,0.07415391617220259,False
MGLTPPVLLITAGLRPAAARARTHQLQPLPAR,0.07413462222906875,False
MSFQTLLPCLIQPFSTTHHHRVPFPLH,0.07409709238639794,False
LFGEGEKDK,0.07400564488656024,False
ADGVEIAVGAVKPAEFEELR,0.07395189991184481,False
MKKYISRRKVLFQPSKYSITYYIRSI,0.07391242984282494,False
ELLATIGEVVR,0.0738874365402529,False
MVGIICLYRSKYKYIIHICISKKVYSYVN,0.07383775213651994,False
TQADDVLSR,0.07381667865870366,False
SAVLLSSTDVPDTR,0.07378196137513496,False
GPLSSDQNSASSLFGK,0.0737584559394138,False
TSETVTVGIVGGR,0.07374620311346992,False
MKKSSSYRFRTFLPLQNFPFPKALINHV,0.0737135836025376,False
MAIIKRVLKIIINNSFQLHICIQRSTSRKR,0.07369852413568474,False
MKGQGSNREPNLFPKSTTTASLQSP,0.07364262128967292,False
IEESNNDDLSSSR,0.07361021332332292,False
SLEATQSATPLLPQGGPAVMPALATGLQK,0.07359118804495811,False
MRREEDLELDFFRRFQRRNRKDSTLTS,0.07358373934608539,False
EIQSGDPGLFSLEK,0.07353362228683512,False
TATVEFLAR,0.07341735780964018,False
GVVSSFADDLNQAK,0.07339062452847403,False
DLSLFAQGLASEADVR,0.07334774897337243,False
VSGESGLLKK,0.07334335275614975,False
AEEGSLTDVGR,0.0733367621034259,False
ESPVFDSDEDLLPTIR,0.07324991234284924,False
MGGKAFKPNSSRNVFEISFGILLENSK,0.07320629374815585,False
DNSATIQENISSSLNLDR,0.07317276858960303,False
MKSLLIVKVVYSFIVIVVGGEKSIGLGITYS,0.07313568326643251,False
MSPIYYSFGVLTVYLGKKNIHRELVSL,0.07313130792144767,False
ANSFSDAQLQQLPLLETQR,0.07311736122423618,False
MIKLELNIISCLIYTSCKISHQIRQ,0.07307529300233939,False
NEPLFVTSKK,0.07305250843797531,False
VQVIVATETATGVSGPRPK,0.07305223980300055,False
MKYREVYLSKLKIFRIEVKRVIDKIL,0.07301931086524459,False
ELSTDQLVKDPSEIGR,0.07301353049953477,False
ESAAGSSIETDIESQIK,0.07297578028634952,False
DTELKEK,0.07290805575758942,False
KFGAFSTDELR,0.07289837743278187,False
MTKQTKTKPPPNPPTAEPQKQVPKRKKRQ,0.07286922100955427,False
LPGYSPVQVPDR,0.07286080479381013,False
LSLLFLGLCVWLVASLVTLFKSGKLIASSFIS,0.07284426659390597,False
EFVEAVISK,0.07281079338626675,False
NSEFVSSMSSSPSASGVNQQVEAR,0.07272336022406424,False
MVGSVSLCALDDFRK,0.07270087618622242,False
MVIGSAPFDALLDARPAEDLSR,0.07269934074003329,False
MGRVILTIRVYSRVYVRLGVYGLVGFENE,0.0726899249538706,False
SVANAIPSNSFILSGLR,0.07264946050246592,False
VDAPSIDSLVR,0.07261892447442428,False
ISFDEVENFFDR,0.07261288499845682,False
QAEIFSFISDR,0.07261167354376262,False
ISLAAQQGLTGSDGK,0.0726107537461531,False
SGLGILSASDPKELVNSFAAGSETPK,0.07259575187694794,False
VATNNNVPPFSK,0.07259333054788483,False
ADIGSSFNPAPSR,0.07258654351282541,False
MLESGETVTSPRTASIFLRPLVCLSTRPF,0.07256499195341824,False
IQLLGSLDLFFFH,0.07256191129867183,False
LIPNGSLVQALGR,0.07253525938993141,False
QALGQQVQELLLK,0.07250934999397309,False
MSVFGCPSCCSYSLHRCSSGLLFVVVCLIPRG,0.07250307258994126,False
QIDESSPNPSR,0.07244314379636152,False
ELNINGGGK,0.0724184803882834,False
MKFLRKTSIRQVTLEAIEFLIYYNKFNK,0.07241283071606913,False
EVDEQIVINQNYKR,0.07239001579808739,False
LINVSGDEGEDKSLDK,0.07236487854999994,False
MKILESYESYPNYVQYTSFLFVLELI,0.07231100281847837,False
DGAIAFLVQLLK,0.07219219989871287,False
LNAVIEDLGNTVLR,0.07218185379230467,False
MSLTTHPTLSPFKAPLTTHFAPLGQLNPPPT,0.07217672536654243,False
SLDDLVFKPDNAGLLASGVTEAGTKDR,0.07213031803760643,False
MFYLPCPYCIHLLHFKIYLLTKISIHNNY,0.07210742130595127,False
TDQDGNVALLSPGR,0.07210196116339794,False
AIGGDDIAFER,0.07206819224504868,False
MFRFISKANSVFNFNFGKQTIIHLRI,0.07206442029717516,False
STLATPFEDALDAYYEALQEYVASSFEK,0.07202964930328898,False
SGVEDLADDGGLPIPADVGHDPEAGK,0.07190237473809585,False
MKKGINSNRETRQLRLREAESLLTV,0.0718631384208522,False
MLSLLPTRICSIRSFSNVRKSKAFPCRAAS,0.0718493139812044,False
MLVPFHAAASPSHQLYPIRFHFPQNSLFP,0.07181351746160014,False
FGSEGHGVGLTAPSAEAMASLFGDNDLK,0.07180417130008011,False
LNNADENVETEEVK,0.07180126838942373,False
NIYHFMANAR,0.07175299603555675,False
NGTQVEGLNDKDK,0.07168266269624048,False
QAPFEDAALSR,0.07165428449596647,False
ILNDVTSLQLVPGFVIQPDGKR,0.07165236182755132,False
MAILENSLQPSFLHSKLKRTQSHRVKFRS,0.07162748650193748,False
MGKINEIYYTCSHFNSNTKVVNLLFKN,0.07159701425967388,False
MNPPLSIHGSRNLRGINPGNALLIIIR,0.07158166992166377,False
IFDDAAQPEGNGGGAADNDAPK,0.07153947423971736,False
SVDDGIEEK,0.07151123774529146,False
MEPFGARTCLFFCAVSILGRASLRGLF,0.07141956682147094,False
SNSGDNDSSVDIIGR,0.07140704798059674,False
LIESLSPNGVTLTMSK,0.0713858300453603,False
MRRLQLPLKHRPTRRKSKLHAKSLLKETSNIL,0.07138353800614634,False
MFVSVVGDLPFGTGKK,0.07137497708342719,False
GADEAFNR,0.07136553905517636,False
MGPTFGIGRNSRGTAAELEEEAGRTSLIPTG,0.07129332748939121,False
MNKVYLKRYNNTRNLGIENYNHLKL,0.07128330978295179,False
ASSFPEFVQEVSGIEAR,0.07127683328149942,False
MQFQLTLASCRNILLHTFTPKNVSYFLSKK,0.0712583192277085,False
DDALNAEFR,0.07124064612197441,False
VINGDADLPIKPSVPGFR,0.07121846185461025,False
FSDEDIEPFK,0.07119657626908953,False
ATNLVSIADLAGTDKR,0.071193468077958,False
MPGERVQKSVAVIEGEERSVGSVFLSC,0.07118605745484051,False
MGRAGKITTLNTSASQILSIVSQGSV,0.07118545858716767,False
MAPAKKKEIVVFYCFLCVYTCSLRVVV,0.07114381014891698,False
QASVISDLSALNNSIR,0.07109882282177721,False
VSIPTESSIPVATVGPK,0.07106488595373597,False
SDTPGVGSADAGER,0.07100127532316258,False
TVVASTPDVKVNGDLDVLVK,0.07094706329906489,False
MFSFKFFKQQVLFVIYLKSRSEKQVIERRF,0.07092685756834091,False
MQRSCKRSSQSQKLEEAFGVAALRTPLQP,0.07090680251785458,False
MTGEIPRKLNTSSNRKNQRSEKKARQITST,0.07086578956593514,False
LLSVIDSVRK,0.07084570987584024,False
MIEAEQATRSRTGPVVVLRESRFTL,0.07083373724268893,False
QSVSEASVIISLK,0.0708273631110973,False
DGVTAFANK,0.07078606889764377,False
LSDLEGAAEQGIVK,0.07074260260945485,False
GLGLDNAGLAFFDFK,0.07069396738271026,False
ANSAVNAFEEAR,0.07065975475217792,False
MSITHIHICRSNIKRVVEFEVTFVNNEI,0.07065814331320118,False
MIGRVTRGVAVGCEPPPELLPSAVCRLEL,0.07065660056329694,False
MSQEVSAQQSALETR,0.07062184618000637,False
LNNGDISEIQVGETDAR,0.07062077079633321,False
LFDTMVTAGGLDLIPYASTR,0.07058246176514969,False
NQLLVEDVK,0.07057450417205188,False
MAEAGLVRDFEPNIFLFRLNVSVIN,0.07057442845386397,False
IVPSVAPSLVR,0.0705726028288147,False
MINLYNYIQTLSKQQRVKFLQEKTIYKFST,0.07056925597221174,False
QNDELIQNLSSGLGLK,0.07052206407756448,False
NLLDANNLEK,0.07051117999791028,False
LLEVAALGDPEGVSSFR,0.07047305929725803,False
FGPSSGLSLIDDVLKPCFSR,0.07046881679924481,False
TFVNNLR,0.07044706180560592,False
MIYSRLIIFFVGRVYGVIDLIELVTNKY,0.07036535523843308,False
LFQDDELLK,0.07032317003000602,False
MSPIAFSPKHKPFAAAPNLVSSNNPSSNSNTL,0.07031672907744253,False
TGNGSTQPSR,0.07019340545765121,False
MLGVVPRRVRTGATHHESGRILSPIALLILC,0.07017824421814149,False
ELTFVFDGPTQLSIADVAVAAGLKPDWLQVVR,0.07015212796448848,False
LVVVVLCLGRGIPLCLPIVLLFLQPKEK,0.07002309660307994,False
METKQQPSIPRTRKVVPSRATRSFSPLPAPAV,0.0700175269077543,False
MKGKESNAVFNTKFKKIHSIHKKRG,0.06982406506223197,False
AVLNSSGSDSLDKSDITNEGDPVTNKPK,0.0698090776190035,False
MVIPNSYTIVTVIFIFTKVFFHLHNTP,0.06980582232763374,False
FTYFHVSEAGASAIESDYKEPK,0.06967347690728953,False
MSKTCNFPKKYFLRRLKSVSVFQELEIQLTL,0.06949530673640292,False
NVEPLSSNNINK,0.06942844993062305,False
FDVINPPK,0.06936350691232465,False
MSRNTCPLVFFHNSSITPYSRYLSNTN,0.0693293531884201,False
SNISQVDVVLANSIVQGTSDALK,0.06926865402562947,False
SDFGFYVVTR,0.06924173302263636,False
AENPGNSYGFR,0.06923171788050957,False
SSDEDFLVNLMR,0.06920336603481693,False
LVDVVTDR,0.06915861428757394,False
VSFETALNR,0.06898682180081821,False
KEGTYSAFIAAGGEAK,0.06888746500183426,False
LDTTLQPSSISETFTK,0.06873893328975153,False
LLLSNEASPGNTNQGLVAR,0.06866437606550468,False
TGIPNAAQGDGQVDDPQEAVLVVR,0.06865377983689944,False
EQLLDQVLLPEKR,0.06863724907291287,False
FTDSADILSTIADGEK,0.06862712167553162,False
MFNKNLINKHMSSLRHITTPHIIYQKF,0.06855845974004635,False
MAKGQALFVDLLTAGRQRVPLTETTTTLRGK,0.06854397807259197,False
LPSADETTVQTAK,0.0684588689292522,False
IITLTQDSTIEK,0.06833723482458937,False
VDKVAVSLHDGELK,0.06829193065857324,False
MGRQFTKQSYKFLLITRINKSYLITNSFVIR,0.06823156198129368,False
MPCIICQRIRSINFTLTKKNEQYQTI,0.06822939761800147,False
VENSATIPSGLGER,0.06822859664402832,False
MEIQEKANPIRFENSEVIGLGFREI,0.06822051769264867,False
EFPQGLLK,0.06810141847699615,False
INEGTTSASNSR,0.06806670323663797,False
KISLEIQQSEAR,0.06793391449438749,False
TGEEKVDAVEDKVEQLTGR,0.06792120616955451,False
NLLTNDIEDADR,0.0678222679535632,False
MSTVPPALFYYRFSIRTTRVVVVSNTLSC,0.0678031622932512,False
DSLDVDKEQEQK,0.06778710039376717,False
QQTSAEPVTAK,0.0677524805821613,False
NVLTEDVEAK,0.06765737347214781,False
NPEISSAETIKK,0.06757796931656579,False
MKQAKKAVRRNPFLARPPHATSTSQK,0.0675090463144396,False
VLSINAADLEK,0.06749150566499436,False
SANFAAGLSETHQAER,0.06746840270682643,False
DGTLFLNQSIGEFSSDSFK,0.06745287748688143,False
MKGNVRGIFGTGLIGVLTIVIYKAKV,0.06744947038230235,False
MVGSNQGKEAEIRSEVLQRIILNNQSRF,0.06739148861559724,False
DLSENFNR,0.06736948276376942,False
LTSEGNASDAEGSGKSQNQR,0.06734628379839187,False
MQPAQSSGASLNVDGSTRLQTSKNNIRV,0.06726898415749608,False
DGIIGFATNR,0.06723408950137051,False
MSKYPRIISNSITNNQQYVLTREESV,0.06720031426456177,False
VSVVPGSSKR,0.06719674550261032,False
QVSTLAAQVR,0.06717536413749778,False
EPSDSTNSPVLVNPNDLAVQIF,0.06713726056242762,False
LPIFFSNLR,0.06708011728061682,False
MKPLQSLGSAIAFCIYHSPHICLYKYV,0.06701770405631612,False
MKRGIFYPNERIGGEVSYRREERAIR,0.06691608512560528,False
IFDGRSIRRGTGS,0.0667842351080878,False
LLNEVVAVRDPKDDARKALP,0.06676270506608563,False
VADSNGFGREDFVK,0.06676114852627975,False
IPGPESPSLETK,0.06671859522544978,False
IIATAHAELR,0.06669115978382203,False
IDSSGFLVQNAPAPQGGNNLNK,0.06657291269794079,False
TTGPVASK,0.06652919404502976,False
GLNEDEDGVGTK,0.06649829451357057,False
GPTTLPFLPLSK,0.06648871318343358,False
EKGFVEAEAEVAQKK,0.06645493067691145,False
GGDLLLLTTYPNTSK,0.0664271755160697,False
MLFPYSAIYPSCTTHCLVSVLCKSCRIVTLF,0.06641380819498754,False
IFLSGENVVFLR,0.066413504960594,False
VIQVGISLSTALETALR,0.06628803115827132,False
AVAIPATLEKEDDENDQLRK,0.06610430181342938,False
LVFSSNLAVGDK,0.06609464737738398,False
ENGKAPVANNVNR,0.06602383822086491,False
SGTDAPTDVAPTK,0.06600336437379498,False
KEVDEITR,0.06592556948391518,False
NALVQNNDPEVESTKK,0.06584300313861262,False
MVILTPAIPASVIIEENKRLRLSLGPNKIYV,0.0658388779340502,False
DSEDSNFALSFEK,0.06573044558427156,False
SPIPGSSTK,0.06558039681637079,False
MTELKRNVQLQIRIRDQSKPFIIFFVYR,0.06538926192605855,False
MVGFEDPVDR,0.06527427359473444,False
VKSDPSFFSSAKPDTLEVDGGVTNR,0.06512831837058763,False
TFIEAVQKAVGTERARTGLT,0.06510861369975686,False
EGQETAVSVK,0.06495033608162304,False
SITLQQQPPEPIR,0.06477617249706939,False
DVYEHVIVTLGSNIGQENVQEK,0.06468946143280159,False
ILQSPQAPGTQENER,0.06462220846933155,False
AQPSDLLK,0.0645367847816773,False
LKATNLLSR,0.06442597326497686,False
DQGFQEIVGVAK,0.06426628008944779,False
VFAHAVR,0.06424514849225631,False
MPPEIEEDKIEEDKRDTGTNEANAAGVLE,0.06420006049100517,False
SLDQDLHLR,0.06415223937997963,False
VGDLDYGK,0.06409634427368305,False
LFQTQLSVAAR,0.06408466330146355,False
IPPINQKVNSKFNIQSPNLADVALDVSNLTR,0.06404193923373842,False
NSQIEDFYLR,0.06400445336520137,False
SVEIFQDAEANR,0.06397100183495626,False
GFEFTIGEVER,0.06396434751054791,False
KVASLNGAR,0.06388872601370592,False
METFRGEDPEGEK,0.06377933179402563,False
TNLSATGK,0.06373654222622695,False
LEPTAGFFLVQYGNEVLK,0.06362282045453074,False
GEYQSQILSQNEGDGPK,0.06350060547489499,False
FGVFYLDPDETR,0.06339778521651444,False
SNDQSNVK,0.06336670651816659,False
LLTVEPPDTAGAGVYKPDEYGASGDSPR,0.0633641579374938,False
NVDSISVGNITGSNEK,0.0633188791178638,False
KIQIMQVLGTR,0.06323718410258046,False
NENLTIQQTGVLK,0.06311275535078903,False
LLQHTPTALENEDARR,0.06306408757885786,False
IIGDANDAFSAYINKLGLDITTQFASDPR,0.06299403006069199,False
NPGNFSGFR,0.0628935195229236,False
FLSLIAHTEAVK,0.06272213005427764,False
DQSTSLQQK,0.06270650577483748,False
TEKPDSNIVYVDDTR,0.06255161311382058,False
ISRKLAAKLG,0.06252582409944075,False
TDFLLQQNVR,0.06246510925674207,False
QNGTSTDETPGFTQPLR,0.062403294005159655,False
GFAINPYELNLAAK,0.062260514641431154,False
TIAAGPVSDK,0.06209413690505391,False
FNFTNFQPNNADSDTDEPSK,0.06186427879986789,False
AEALHGTRERDLLKDPQLR,0.06184035768336535,False
FLFTVDDPEKLAKLTFVPVFR,0.061824085489035306,False
IRNPVIETFSLR,0.061571927945913374,False
MGPRFKATQKAATSGEAVRFFALLSIFGKNTK,0.061062138187090345,False
EDPSFNPIR,0.06098632196858818,False
DEFNPEIQTAM,0.06098040238233526,False
NQFGAPAGVR,0.060886930863559396,False
IQTMEVEK,0.0607784675534113,False
NDLIADSDR,0.06069997377313624,False
GEILEPSGANTNPGGAR,0.060536344986324805,False
SLSAHISFR,0.060373947655875414,False
SFAGPFIR,0.06036566951853038,False
LEGSQNLGFPK,0.059987328375274374,False
SQFVPVNFFSSAK,0.05992731322715817,False
IFEYNSTK,0.059893424356328925,False
LGTTMETPIIFK,0.05988989677806048,False
FQFFLLDEK,0.05981712041138889,False
ILLQQDPAGYR,0.05968364968138588,False
NAYTTSPASK,0.059491630989745845,False
VILEISTK,0.05939273511903416,False
MPPVFTTTNHPNFNTHYPRLHQLVATANLNTQ,0.059260105759266615,False
IAETQNR,0.05924367663093203,False
LKAFENELSPTREK,0.05897036721861765,False
DVATLHIQTK,0.05865945686593155,False
NDNTTTNANNTGR,0.058595165151302295,False
TQVPYGFLK,0.05856474075556657,False
LGFFAGEK,0.058509977226552934,False
ITIQVVEAVR,0.05847764374909932,False
GIFGPNQSK,0.05827501084802015,False
SGIAELNGEAASNEKR,0.05789877192413346,False
FFDGSNSR,0.05779360406194695,False
FFPNNDDFLR,0.05776437227276908,False
QIYSTDTYLGNQR,0.057694150797329154,False
ELFAAFDNDKTAK,0.05764469451506482,False
DPPSQLQIR,0.057463824098663754,False
LGEYDFKR,0.057011302688748385,False
KFNSDSKSFD,0.05672766896958151,False
LAIHAVNR,0.05660056801241296,False
DKGSFGYQER,0.05646710417869727,False
FQVDYLNK,0.05642606696112858,False
LVVHHHQDTNNR,0.05628315293298813,False
VTQEVLRVGSK,0.056067444597532295,False
NDTQFLLEK,0.05597852253939345,False
INYSEIPPAFSADR,0.05596515461882817,False
VVNGLGFIK,0.05586072228750529,False
IFTDYSR,0.055059139517505164,False
EFNKLQYLQLR,0.054956282933882744,False
NYNSVVIK,0.05479346187286801,False
EQGQGLIGQFK,0.05465890387275759,False
DKFHGQDIFAVK,0.05464590304227592,False
TPDENIQR,0.05460938468804163,False
ATGIQNEIVTRK,0.05351552877316214,False
QQEPGPK,0.05328788472159831,False
KKTILPGAKEGFV,0.05301311940739634,False
VSIVPENTRR,0.052653840506144106,False
GVPYSADNQR,0.05194896627066538,False
KKEADTR,0.05152776717382696,False
EPYGSFK,0.0506733377032054,False
QFVIHYK,0.04189537242130347,False
